date,recommendation,position_size,price,new_position,explanation,analyst_commentary,trader_full_output,trade_executed
2024-09-04,BUY,0.5,34.694,0.5,"The qualitative analysis presents an overwhelmingly bullish case. A fundamental regime shift, driven by a sharp drop in inflation nowcasts and dovish Fed signaling, has ignited a powerful rally with growing conviction. This strong fundamental narrative outweighs the slight hesitation from the mixed ARIMA forecasts, where the 7-day prediction shows a minor dip. An opportunistic long position is warranted to capitalize on this clear, macro-driven trend, while the 0.50 size reflects the minor quantitative ambiguity.","**Quantitative Macroeconomic Insights**

The SP 0 05/15/50 has experienced a powerful rally, with its yield compressing from 4.31% to 4.15% since last Friday, extending a bullish trend that began in late July. This price action appears anchored by a significant regime shift in inflation expectations. The inflation nowcast, which held firm at 3.01% for the first half of August, abruptly dropped by nearly 45 basis points to its current level of 2.56%. This disinflationary signal has fueled a broad-based rally across the entire Treasury curve, with 2-year and 30-year yields falling in near-unison, suggesting the market is pricing in a more dovish path for monetary policy. Notably, this strong directional move has occurred amidst declining 30-day price volatility, which has fallen from over 0.25 in early August to 0.21 today, indicating growing conviction in the trend.

**FOMC Statement Analysis**

The FOMC's July 31st statement provided the initial catalyst for the market's dovish repricing. While maintaining the federal funds rate, the committee introduced a crucial change in language, acknowledging ""some further progress toward the Committee’s 2 percent inflation objective."" This was a clear signal that the Fed's focus is shifting. Although the statement reiterated the need for ""greater confidence"" before cutting rates, the market has interpreted this, along with the subsequent fall in inflation nowcasts, as a sign that the threshold for easing is approaching. The Fed's view that risks to its dual mandate are moving into ""better balance"" further supports a less hawkish stance, giving credence to the ongoing rally in long-duration assets sensitive to the future path of policy.

**Previous Trade Reflection**

No previous trade data was available for review. Therefore, a reflection on past decision-making cannot be provided at this time.","Recommendation: BUY
Trade Size: 0.50
Explanation: The qualitative analysis presents an overwhelmingly bullish case. A fundamental regime shift, driven by a sharp drop in inflation nowcasts and dovish Fed signaling, has ignited a powerful rally with growing conviction. This strong fundamental narrative outweighs the slight hesitation from the mixed ARIMA forecasts, where the 7-day prediction shows a minor dip. An opportunistic long position is warranted to capitalize on this clear, macro-driven trend, while the 0.50 size reflects the minor quantitative ambiguity.",True
2024-09-05,BUY,0.5,35.101,1.0,"The current price of $35.10 is below all ARIMA forecast horizons (1-day: $35.322, 7-day: $35.258, 28-day: $35.178), indicating a strong bullish signal. The upward trend is confirmed across short, medium, and long-term predictions. We will increase our current long position from 0.5 to the maximum of 1.0 to fully capitalize on this expected price appreciation. This action is justified by the rule allowing a BUY when forecasts are firmly above the current price.",,"Recommendation: BUY
Trade Size: 0.50
Explanation: The current price of $35.10 is below all ARIMA forecast horizons (1-day: $35.322, 7-day: $35.258, 28-day: $35.178), indicating a strong bullish signal. The upward trend is confirmed across short, medium, and long-term predictions. We will increase our current long position from 0.5 to the maximum of 1.0 to fully capitalize on this expected price appreciation. This action is justified by the rule allowing a BUY when forecasts are firmly above the current price.",True
2024-09-06,HOLD,0.0,35.122,1.0,"The powerful macro-driven rally remains supported by strong fundamental factors like disinflation and a dovish Fed pivot. While the ARIMA forecasts are mixed, with the 7-day prediction suggesting a minor pullback, the 1-day forecast is still positive and there is no compelling signal of a major trend reversal. Given the current maximum long position, the most prudent action is to hold and let the profitable trade mature, avoiding a premature exit while the underlying bullish thesis is intact.","**Quantitative Macroeconomic Insights**
A powerful rally has taken hold in long-duration government debt, exemplified by the SP 0 05/15/50 STRIP. Its price has surged from approximately 34.12 to 35.12 in just the past four sessions, pushing its yield-to-maturity down from 4.21% to 4.10%. This move appears to be a continuation of a broader regime shift that began in mid-August, coinciding with a significant drop in the inflation nowcast from over 3.0% to a stable 2.56%. This disinflationary signal has been amplified by a pronounced bull-steepening of the yield curve; the 2-year Treasury yield has fallen over 40 basis points in the last month, collapsing the 2s10s inversion and signaling strong market conviction in forthcoming policy easing. Notably, this rally has been accompanied by a steady decline in 30-day price volatility, suggesting the trend is building on a stable footing.

**FOMC Statement Analysis**
The market's recent bullish momentum can be traced back to the subtle but significant dovish pivot in the July 31st FOMC statement. While rates were held steady, the Committee's updated language acknowledged ""some further progress"" on inflation and judged that risks to its dual mandate were moving into ""better balance."" This phrasing provided the justification for markets to begin pricing in a more dovish policy path. The statement's forward guidance, which ties future rate cuts to ""greater confidence that inflation is moving sustainably toward 2 percent,"" effectively set the stage for the August rally. The subsequent drop in inflation data was precisely the type of ""incoming information"" the market was looking for to validate this new, more optimistic outlook on the future path of the federal funds rate.

**Previous Trade Reflection**
The initial long entry on September 4th at $34.69 was well-timed, correctly identifying the powerful macro-driven repricing underway. This trade captured the core of this week's sharp rally, which saw the bond's price appreciate by over 1.2% in a single day. The subsequent decision on September 5th to add to the position at $35.10, increasing exposure to the maximum, was a move to press a winning trade based on supportive model forecasts. This has raised the average entry price of the total position to approximately $34.90. While the underlying fundamental narrative remains intact, it is worth noting that the initial entry capitalized on the start of a sharp leg down in yields, whereas the second entry occurred after a significant portion of that rapid 20-basis-point move had already transpired.","Recommendation: HOLD
Trade Size: 0.0
Explanation: The powerful macro-driven rally remains supported by strong fundamental factors like disinflation and a dovish Fed pivot. While the ARIMA forecasts are mixed, with the 7-day prediction suggesting a minor pullback, the 1-day forecast is still positive and there is no compelling signal of a major trend reversal. Given the current maximum long position, the most prudent action is to hold and let the profitable trade mature, avoiding a premature exit while the underlying bullish thesis is intact.",False
2024-09-09,HOLD,0.0,35.25,1.0,"The current long position is at its maximum (1.0), precluding a buy. A sell is unwarranted as all ARIMA forecasts remain above the current price, indicating continued upward momentum in the short-to-medium term. The analyst commentary confirms the bullish macro thesis (disinflation, dovish Fed) is intact. While the recent rally's velocity warrants caution, there are no compelling reversal signals to justify an early exit from this profitable position. Holding allows the trade to mature and capture further potential gains aligned with the positive quantitative and qualitative outlook.","**Quantitative Macroeconomic Insights**

The rally in SP 0 05 15 50 has shown significant strength, with the price climbing from 34.127 to 35.250 over the past week. This price appreciation corresponds to a yield compression of approximately 26 basis points, as the ask yield fell from 4.213% to 4.087%. This powerful move appears to be driven by a clear disinflationary trend, with the inflation nowcast steadily grinding lower to 2.56% from levels above 3.0% in mid-August. The broader yield curve reflects this sentiment, exhibiting a pronounced bull-steepening as the entire structure shifts lower. Notably, the 2-year yield has fallen by roughly 19 basis points in the last week, outpacing the 12-basis-point drop in the 30-year, signaling that the market is increasingly pricing in future policy easing. This directional conviction is further supported by a decline in 30-day price volatility, which has compressed from 0.23 to 0.207 over the last month, suggesting the rally is orderly rather than panic-driven.

**FOMC Statement Analysis**

The most recent FOMC statement from July 31st signaled a subtle but important shift in the Committee's perspective, laying the groundwork for the current market sentiment. The introduction of phrases like ""some further progress"" toward the inflation objective and the judgment that risks are moving into ""better balance"" marked a distinct dovish pivot from the more hawkish language of previous meetings. This change suggests the Fed is growing more confident in the disinflationary path and is becoming more attentive to the employment side of its dual mandate. While the Committee maintains its data-dependent caveat, requiring ""greater confidence"" before reducing the target range, the overall tone has moved from a hawkish hold to a more neutral, watchful stance. The market's recent rally is effectively a vote that the incoming data since that meeting is providing the very confidence the Fed was seeking.

**Previous Trade Reflection**

The decision to initiate a long position on September 4th at $34.69 was well-timed, correctly identifying the macro regime shift and capturing a significant portion of the subsequent rally. The addition to this position the following day at $35.10, while also profitable, was made after a single-day price jump of over 1%. Your current long position of 1.0 has a blended entry price of approximately $34.90, against today's last price of $35.25. Since your initial entry, the bid yield on the bond has compressed rapidly from 4.177% to 4.117%. While the thesis has proven correct, the velocity of this move—a nearly 60 basis point rally in yield terms in under a week—warrants consideration, as such sharp, directional moves can be susceptible to consolidation or pullbacks.","Recommendation: HOLD
Trade Size: 0.0
Explanation: The current long position is at its maximum (1.0), precluding a buy. A sell is unwarranted as all ARIMA forecasts remain above the current price, indicating continued upward momentum in the short-to-medium term. The analyst commentary confirms the bullish macro thesis (disinflation, dovish Fed) is intact. While the recent rally's velocity warrants caution, there are no compelling reversal signals to justify an early exit from this profitable position. Holding allows the trade to mature and capture further potential gains aligned with the positive quantitative and qualitative outlook.",False
2024-09-10,HOLD,0.0,35.592,1.0,No explanation provided,,,False
2024-09-11,HOLD,0.0,35.587,1.0,No explanation provided,,,False
2024-09-12,HOLD,0.0,35.395,1.0,"The current portfolio is fully long (1.0), so a BUY is not possible. While the 7-day ($35.314) and 28-day ($35.368) ARIMA forecasts have dipped below the current price",,"Recommendation: HOLD
Trade Size: 0.0
Explanation: The current portfolio is fully long (1.0), so a BUY is not possible. While the 7-day ($35.314) and 28-day ($35.368) ARIMA forecasts have dipped below the current price",False
2024-09-13,HOLD,0.0,35.473,1.0,No explanation provided,,,False
2024-09-16,HOLD,0.0,35.971,1.0,No explanation provided,,,False
2024-09-17,HOLD,0.0,35.691,1.0,"The current long position is profitable. While the 7-day and 28-day ARIMA forecasts ($35.654, $35.628) are below the current price ($35.69), the 1-day forecast ($35.904) remains higher. This mixed signal does not provide the compelling evidence required to exit the position. The upward trend is weakening but has not decisively reversed. Holding the position is the most prudent action, allowing us to observe if the price moves towards the short-term forecast before considering an exit.",,"Recommendation: HOLD
Trade Size: 0.0
Explanation: The current long position is profitable. While the 7-day and 28-day ARIMA forecasts ($35.654, $35.628) are below the current price ($35.69), the 1-day forecast ($35.904) remains higher. This mixed signal does not provide the compelling evidence required to exit the position. The upward trend is weakening but has not decisively reversed. Holding the position is the most prudent action, allowing us to observe if the price moves towards the short-term forecast before considering an exit.",False
2024-09-18,HOLD,0.0,35.117,1.0,"I am currently fully long (1.0 position). While the 7-day and 28-day ARIMA forecasts ($35.076 and $35.037) are below the current price of $35.12, suggesting a potential future downturn, the 1-day forecast ($35.165) remains slightly positive. The rules for a SELL require at least the short and mid-term predictions to be firmly below the current price. As this condition is not met, and I cannot add to my long position, the correct action is to HOLD and monitor for a more decisive signal.",,"Recommendation: HOLD
Trade Size: 0.0
Explanation: I am currently fully long (1.0 position). While the 7-day and 28-day ARIMA forecasts ($35.076 and $35.037) are below the current price of $35.12, suggesting a potential future downturn, the 1-day forecast ($35.165) remains slightly positive. The rules for a SELL require at least the short and mid-term predictions to be firmly below the current price. As this condition is not met, and I cannot add to my long position, the correct action is to HOLD and monitor for a more decisive signal.",False
2024-09-19,HOLD,0.0,34.857,1.0,"I am currently fully long (1.0 position). While the 7-day and 28-day ARIMA forecasts ($34.836 and $34.835) are marginally below the current price of $34.86, the 1-day forecast ($35.038) is firmly above it. This mixed signal does not provide the compelling evidence required to exit an established long position. The forecasts do not indicate a significant reversal, but rather a slight dip after a short-term price pop. Therefore, holding the current position is the most prudent action.",,"Recommendation: HOLD
Trade Size: 0.0
Explanation: I am currently fully long (1.0 position). While the 7-day and 28-day ARIMA forecasts ($34.836 and $34.835) are marginally below the current price of $34.86, the 1-day forecast ($35.038) is firmly above it. This mixed signal does not provide the compelling evidence required to exit an established long position. The forecasts do not indicate a significant reversal, but rather a slight dip after a short-term price pop. Therefore, holding the current position is the most prudent action.",False
2024-09-20,HOLD,0.0,34.511,1.0,No explanation provided,"**Quantitative Macroeconomic Insights**

A significant macroeconomic event has reshaped the landscape this week. The Federal Reserve's 50 basis point rate cut on September 18th, lowering the EFFR to 4.83%, was intended to be a dovish signal. However, the market's reaction in the long end has been contrary. The `SP 0 05 15 50` has experienced a sharp sell-off, with its price falling from a peak of $35.97 on Monday to today's last price of $34.51, and its yield climbing from 4.04% to 4.20%. This price action coincides with a ""bear steepening"" of the yield curve; since the Fed's decision, the 10-year to 2-year spread has widened from 9 bps to 15 bps as long-end yields rise faster than anchored short-term rates. This suggests the market may be pricing in higher future inflation or growth despite the Fed's move and the continued downtrend in inflation nowcasts, which have settled at 2.27%.

**FOMC Statement Analysis**

The September 18th FOMC statement marked a decisive pivot, delivering a 50 basis point cut to the federal funds rate. The committee's rationale was rooted in ""greater confidence"" that inflation is sustainably returning to its 2% objective, alongside a judgment that risks to its dual mandate are now ""roughly in balance."" While the rate cut itself is overtly dovish, the accompanying language introduces significant nuance. Forward guidance remains non-committal, tying any future adjustments to a careful assessment of incoming data and the evolving outlook. Furthermore, the committee is pointedly continuing its quantitative tightening program, reducing its holdings of Treasury and agency securities. This ongoing balance sheet reduction acts as a countervailing force to the rate cut. The presence of a dissent from Governor Bowman, who preferred a smaller 25 bps cut, underscores that the path to further easing is likely to be a subject of considerable internal debate.

**Previous Trade Reflection**

The long position initiated on September 4th at $34.69 and expanded on September 5th at $35.10 was timed effectively to capture the market's rally into the FOMC meeting. The position, with an average entry price of approximately $34.895, performed well initially, reaching a peak unrealized price of $35.971 on September 16th. The core thesis of a dovish shift driving prices higher was correct in the run-up to the event. However, holding the full position through the announcement exposed the trade to a significant reversal. Following the ""sell the news"" reaction to the Fed's decision, the bond's price has since declined to $34.511, erasing the unrealized gains and moving the position into a net loss. This outcome underscores the material event risk of holding a fully-sized position through a major, well-anticipated central bank policy announcement.",,False
2024-09-23,HOLD,0.0,34.441,1.0,No explanation provided,,,False
2024-09-24,HOLD,0.0,34.484,1.0,No explanation provided,"**Quantitative Macroeconomic Insights**
A significant macroeconomic regime shift occurred on September 18th with the Federal Reserve's 50 basis point rate cut, a move preceded by a sharp bond rally. This rally, which saw the SP 0 05 15 50 climb from ~$34.12 to a peak of ~$35.97, was fueled by a steady decline in inflation nowcasts from 2.56% to the current 2.25%. However, the market has reversed course post-announcement, with the bond's yield climbing from a low of 4.01% on September 16th to 4.18% today. This ""sell the news"" dynamic is accompanied by a bearish steepening of the yield curve; since the cut, the 30-year yield has risen while the 2-year yield has fallen, suggesting the market may be pricing in stickier long-term inflation or questioning the efficacy of the Fed's initial move. Concurrently, 30-day price volatility has compressed significantly from over 0.21 to 0.14, indicating a potential consolidation phase as the market digests the new policy stance.

**FOMC Statement Analysis**
The September 18th FOMC statement confirmed a decisive dovish pivot, justifying the 50 basis point cut by noting the Committee has ""gained greater confidence that inflation is moving sustainably toward 2 percent."" This language, coupled with the assessment that risks to its dual mandate are now ""roughly in balance,"" signals a clear shift in policy priorities towards supporting the economy. However, the decision was not unanimous. The dissent from Governor Bowman, who preferred a more cautious 25 basis point reduction, reveals an internal debate regarding the appropriate pace of easing. Furthermore, the Committee's stated intention to ""continue reducing its holdings of Treasury securities"" creates a complex dynamic where active rate cuts are occurring alongside passive balance sheet tightening (QT), a factor that could be contributing to the upward pressure on long-term yields despite the lower policy rate.

**Previous Trade Reflection**
The agent's decision to build a long position on September 4th and 5th was well-timed, correctly identifying the building momentum ahead of the FOMC meeting. The entries, at an average price of approximately $34.90, were based on a sound analysis of falling inflation nowcasts and successfully captured the majority of the rally towards the mid-month peak near $36.00. The subsequent market action, however, has been a classic ""buy the rumor, sell the fact"" reversal. The bond's price has since retreated to $34.48, erasing the unrealized gains and placing the maximum-sized position at a loss. This outcome underscores the risk of holding a high-conviction trade through a major, widely anticipated catalyst, as the positive news appeared to be fully priced in, leaving the position vulnerable to the post-announcement correction.",,False
2024-09-25,SELL,1.0,34.011,0.0,"The initial bullish thesis is invalidated. Despite a dovish Fed cut, the market has entered a ""bear steepening"" regime, punishing long-duration assets. This ""sell the news"" reaction has pushed the bond price significantly below our entry points. While the 1-day ARIMA forecast suggests a minor bounce, the 7-day and 28-day forecasts are negative, aligning with the bearish macro commentary. The prudent action is to close the position to prevent further losses as the market dynamics have clearly shifted against our long exposure.","**Quantitative Macroeconomic Insights**

A significant monetary policy shift occurred on September 18th, with the Federal Reserve cutting the target rate by 50 basis points to a 4.75-5.00% range. Despite this dovish action and a continued decline in the inflation nowcast to 2.25%, the SP 0 05/15/50 has experienced a sharp sell-off. Over the past week, its price has fallen from over $35.10 to today's $34.01, pushing the ask yield up from 4.11% to 4.24%. This market reaction is mirrored in the broader term structure, which has undergone a ""bear steepening"" since the Fed's decision; the 10-2 year spread has widened from 8.7 bps to 22.6 bps as long-end yields rose more aggressively than short-end yields. Concurrently, 30-day price volatility has continued its month-long compression, falling to 0.147, suggesting the recent directional move, while sharp, has occurred in a less chaotic environment than seen in late August.

**FOMC Statement Analysis**

The September 18th FOMC statement signaled a clear regime change, initiating an easing cycle with a decisive 50 basis point cut. The Committee justified the move by noting it has ""gained greater confidence that inflation is moving sustainably toward 2 percent"" and that the risks to its dual mandate are now ""roughly in balance."" This language marks a formal pivot from a hawkish, inflation-focused stance to a more neutral, data-dependent approach. The market's adverse reaction in long-duration assets suggests an interpretation that looks beyond the cut itself. The aggressive 50 bps move, rather than a more cautious 25 bps as preferred by one dissenting member, may be perceived by investors as a signal that the Fed is either responding to unseen economic weakness or that the stimulus itself could reignite inflationary pressures down the road.

**Previous Trade Reflection**

The long positions initiated on September 4th at $34.69 and September 5th at $35.10 were well-timed to capture the rally leading into the FOMC meeting. The thesis, predicated on falling inflation and an anticipated dovish pivot, proved correct as the bond's price appreciated to a peak of nearly $36.00 on September 16th, representing a significant unrealized gain. However, the failure to reduce exposure ahead of the announcement has resulted in a material loss, with the current price of $34.01 now below both entry points. This outcome highlights a classic ""buy the rumor, sell the news"" market dynamic. The agent correctly anticipated the Fed's action, but the market's interpretation—a bear steepening that punished long-duration bonds—ran contrary to the initial bullish thesis.","Recommendation: SELL
Trade Size: 1.0
Explanation: The initial bullish thesis is invalidated. Despite a dovish Fed cut, the market has entered a ""bear steepening"" regime, punishing long-duration assets. This ""sell the news"" reaction has pushed the bond price significantly below our entry points. While the 1-day ARIMA forecast suggests a minor bounce, the 7-day and 28-day forecasts are negative, aligning with the bearish macro commentary. The prudent action is to close the position to prevent further losses as the market dynamics have clearly shifted against our long exposure.",True
2024-09-26,HOLD,0.0,34.109,0.0,"While all ARIMA forecasts are slightly above the current price, suggesting a potential buy, this is strongly contradicted by the analyst commentary. The analysis points to a powerful ""bear steepening"" macro regime that is fundamentally negative for long-duration bonds. This hostile backdrop, which caused the recent losing trade, creates significant downside risk. Given the conflicting quantitative and qualitative signals, the direction is unclear. It is more prudent to wait for a clearer opportunity rather than trade against a negative fundamental trend.","**Quantitative Macroeconomic Insights**

A significant macroeconomic regime shift appears to have occurred following the Federal Reserve's rate decision on September 18th. Despite a 50 basis point cut in the Fed Funds Rate and a continued downtrend in inflation nowcasts to 2.25%, the long-duration bond has sold off sharply. The bond's price has fallen from a peak of over $35.90 mid-month to a current bid of $34.00, with the corresponding yield rising from 4.01% to 4.25%. This price action is occurring alongside a ""bear steepening"" of the yield curve; since the Fed meeting, the 2-year yield has remained stable while the 10-year and 30-year yields have risen by approximately 9 and 11 basis points, respectively. This suggests the market is looking past the immediate dovish policy and pricing in longer-term concerns, even as 30-day volatility has compressed from over 0.20 to 0.14.

**FOMC Statement Analysis**

The September 18th FOMC statement signaled a decisive dovish pivot, justifying its aggressive 50 basis point rate cut by noting it has ""gained greater confidence that inflation is moving sustainably toward 2 percent."" By stating that the risks to its employment and inflation goals are now ""roughly in balance,"" the Committee has formally moved away from its tightening bias. This marks the start of an easing cycle. However, the statement maintains a data-dependent stance, committing only to ""carefully assess incoming data"" when considering ""additional adjustments,"" thereby avoiding any promise of a set path for future cuts. The lone dissent for a smaller 25 bps cut indicates the committee's consensus is firmly on easing, but the pace and magnitude of that easing remain a key variable for markets to interpret.

**Previous Trade Reflection**

The recent trading cycle, which involved entering a long position on September 4th and adding to it on September 5th, correctly anticipated the dovish Fed action but fundamentally misjudged the market's reaction. The thesis was that a rate cut would be bullish for long-duration assets. The position was held through the FOMC meeting, at which point the price was still above the average entry of approximately $34.90. The subsequent ""sell the news"" event, which drove the exit at $34.01, revealed that the market interpreted the Fed's pivot as a catalyst for a bear steepening environment, punishing long-duration bonds. This experience underscores the risk of being positioned for a single, binary outcome through a major catalyst, as the market's complex reaction invalidated the straightforward bullish premise.","Recommendation: HOLD
Trade Size: 0.0
Explanation: While all ARIMA forecasts are slightly above the current price, suggesting a potential buy, this is strongly contradicted by the analyst commentary. The analysis points to a powerful ""bear steepening"" macro regime that is fundamentally negative for long-duration bonds. This hostile backdrop, which caused the recent losing trade, creates significant downside risk. Given the conflicting quantitative and qualitative signals, the direction is unclear. It is more prudent to wait for a clearer opportunity rather than trade against a negative fundamental trend.",False
2024-09-27,BUY,0.5,34.327,0.5,"The fundamental backdrop is strongly bullish following the Fed's 50bps cut and with inflation cooling. The market's post-FOMC ""sell the news"" reaction appears to have been an overdone, short-term move, creating an opportunistic entry point. The price is now rebounding from what the analysis identifies as a ""point of maximum pessimism."" While the medium-term ARIMA forecast is flat, the short-term forecast is positive, and the powerful qualitative macro trend suggests re-entering a long position is the correct strategic decision. A 0.5 size is a prudent initial position.","**Quantitative Macroeconomic Insights**

The market is currently digesting the Federal Reserve's landmark 50 basis point rate cut from September 18th. The initial reaction was a pronounced ""bear steepening"" of the yield curve, where long-end yields rose sharply, pushing this bond's price from over $35.60 down to a low of $34.01 by September 25th. This suggests the market may have ""sold the news,"" potentially disappointed by the pace of future easing implied by the Fed's guidance. However, the past three sessions have seen a significant reversal of this move, with the bond's yield falling from a peak of 4.26% back towards 4.20%. This rally is occurring in an environment of steadily declining 30-day price volatility, which has compressed from over 0.21 to 0.14, and is supported by inflation nowcasts that continue to cool, now sitting at 2.25%.

**FOMC Statement Analysis**

The September 18th FOMC statement signaled a decisive policy pivot, cementing the start of an easing cycle with a 50 basis point reduction in the federal funds rate. The committee's justification centered on having ""gained greater confidence"" that inflation is returning to its target, and critically, it now judges the risks to its employment and inflation mandates as being ""roughly in balance."" This change in language marks a formal shift away from a singular focus on fighting inflation. The dovishness of the 50 bps cut was underscored by the fact that only one member, Michelle Bowman, dissented in favor of a smaller 25 bps move. Nevertheless, the committee's commitment to data-dependency and the continuation of quantitative tightening may have tempered the market's initial enthusiasm, contributing to the post-meeting sell-off as participants recalibrated expectations for the path ahead.

**Previous Trade Reflection**

The prior long position, entered on September 4th and increased on September 5th, correctly identified the underlying dovish macro trend driven by falling inflation. The trade was profitable leading into the FOMC meeting, but holding the full position through the event exposed it to significant catalyst risk. The market's ""sell the news"" reaction swiftly erased gains, turning the position into a loss. The exit on September 25th at $34.01 was triggered by the break in market structure, but it coincided with the point of maximum pessimism, just before the current rebound. The trade from an average entry of approximately $34.90 to the exit at $34.01 resulted in a realized loss of about 2.5%, highlighting the peril of being directionally right but caught on the wrong side of event-driven volatility.","Recommendation: BUY
Trade Size: 0.50
Explanation: The fundamental backdrop is strongly bullish following the Fed's 50bps cut and with inflation cooling. The market's post-FOMC ""sell the news"" reaction appears to have been an overdone, short-term move, creating an opportunistic entry point. The price is now rebounding from what the analysis identifies as a ""point of maximum pessimism."" While the medium-term ARIMA forecast is flat, the short-term forecast is positive, and the powerful qualitative macro trend suggests re-entering a long position is the correct strategic decision. A 0.5 size is a prudent initial position.",True
2024-09-30,HOLD,0.0,34.202,0.5,"The ARIMA forecasts are mixed. The short-term (1-day) prediction is above the current price, but the mid-term (7-day) and long-term (28-day) predictions are slightly below. This does not provide a clear directional signal. Given the current long position was initiated only 3 days ago, and the rules require compelling evidence to exit early, the slight bearishness in the mid-term forecast is insufficient to justify a sale. Holding the position aligns with the strategy to avoid over-trading and await a more decisive market signal.",,"Recommendation: HOLD
Trade Size: 0.0
Explanation: The ARIMA forecasts are mixed. The short-term (1-day) prediction is above the current price, but the mid-term (7-day) and long-term (28-day) predictions are slightly below. This does not provide a clear directional signal. Given the current long position was initiated only 3 days ago, and the rules require compelling evidence to exit early, the slight bearishness in the mid-term forecast is insufficient to justify a sale. Holding the position aligns with the strategy to avoid over-trading and await a more decisive market signal.",False
2024-10-01,HOLD,0.0,34.572,0.5,No explanation provided,,,False
2024-10-02,HOLD,0.0,34.064,0.5,"The ARIMA forecasts present a mixed signal. While the 1-day forecast ($34.126) is slightly above the current price ($34.06), the 7-day ($33.869) and 28-day ($33.967) forecasts are both below. This conflict does not meet the criteria for a BUY or SELL. Given the existing long position was initiated recently (2024-09-27) and the rules advise against frequent early exits, the most prudent action is to hold the position and await a clearer, more consistent signal from the forecasts.",,"Recommendation: HOLD
Trade Size: 0.0
Explanation: The ARIMA forecasts present a mixed signal. While the 1-day forecast ($34.126) is slightly above the current price ($34.06), the 7-day ($33.869) and 28-day ($33.967) forecasts are both below. This conflict does not meet the criteria for a BUY or SELL. Given the existing long position was initiated recently (2024-09-27) and the rules advise against frequent early exits, the most prudent action is to hold the position and await a clearer, more consistent signal from the forecasts.",False
2024-10-03,SELL,1.0,33.643,-0.5,"The analyst commentary overwhelmingly indicates a ""distinct bearish phase"" driven by a ""bear steepening"" yield curve, a decidedly negative environment for this bond. The current long position is described as a premature entry fighting a ""powerful market current."" While short-term ARIMA forecasts a minor bounce, the 28-day forecast is below the current price, aligning with the bearish macro thesis. This trade corrects the previous error by exiting the losing long position and establishes a short position to align with the dominant bearish trend identified in the commentary.","**Quantitative Macroeconomic Insights**

The market has entered a distinct bearish phase for this long-duration bond, erasing the gains from the pre-FOMC rally in early September. Over the last three sessions, the price has fallen from $34.57 to $33.64, pushing the ask yield up from 4.18% to 4.29%. This sell-off is occurring despite a significant 50 basis point Fed rate cut on September 18th and a nowcast for inflation that has stabilized at a benign 2.25%. The yield curve provides a crucial explanation for this divergence: since the Fed meeting, the curve has undergone a ""bear steepening,"" with the 30-year yield rising approximately 22 basis points, significantly more than the 10 basis point rise in the 2-year yield. This dynamic, where long-term rates rise faster than short-term rates, signals that the market is demanding a higher term premium or pricing in longer-term concerns, a decidedly negative environment for zero-coupon bonds with distant maturities.

**FOMC Statement Analysis**

The September 18th FOMC statement delivered a pivotal and aggressive 50 basis point rate cut, a move justified by the Committee's ""greater confidence"" that inflation is returning to its 2% target. The statement's language shifted to a more neutral footing, judging the risks to employment and inflation as ""roughly in balance."" However, this dovish action was tempered by several hawkish undertones that likely contributed to the market's ""sell the news"" reaction. The Fed noted that economic activity remains ""solid"" and, critically, affirmed its commitment to continue reducing its balance sheet holdings through quantitative tightening. Furthermore, the dissent from Governor Bowman, who preferred a more cautious 25 basis point cut, reveals a lack of unanimous conviction for aggressive easing, suggesting future rate cuts are not guaranteed and will remain strictly data-dependent.

**Previous Trade Reflection**

The decision to exit the long position on September 25th was astute, correctly identifying the ""bear steepening"" regime that invalidated the prior bullish thesis and preventing a larger loss. However, the subsequent re-entry on September 27th at a price of $34.33 appears to have been premature. The rationale that the post-FOMC sell-off was an ""overdone"" reaction has been challenged by subsequent price action, with the bond's price falling another 2% to its current level of $33.64. This indicates the regime change identified on September 25th was not a fleeting sentiment shift but the start of a more persistent trend. The decision to re-establish a long position so soon was, in effect, fighting a newly established and powerful market current, resulting in an immediate unrealized loss.","Recommendation: SELL
Trade Size: 1.0
Explanation: The analyst commentary overwhelmingly indicates a ""distinct bearish phase"" driven by a ""bear steepening"" yield curve, a decidedly negative environment for this bond. The current long position is described as a premature entry fighting a ""powerful market current."" While short-term ARIMA forecasts a minor bounce, the 28-day forecast is below the current price, aligning with the bearish macro thesis. This trade corrects the previous error by exiting the losing long position and establishes a short position to align with the dominant bearish trend identified in the commentary.",True
2024-10-04,HOLD,0.0,33.136,-0.5,"The current short position is aligned with the powerful ""bear steepening"" trend identified in the commentary. While the 1-day ARIMA forecast shows a minor bounce, the more significant 7-day and 28-day forecasts point to lower prices, supporting the existing bearish thesis. The recent costly mistake of fighting this trend advises against a premature exit. The most prudent action is to hold the current position and allow the strong downward momentum to continue, as there are no compelling signs of a reversal.","**Quantitative Macroeconomic Insights**

The sell-off in the SP 0 05/15/50 has intensified, with the price breaking down to 33.136 and the ask yield surging to 4.348%, levels not seen in over two months. This price action is occurring within a broader ""bear steepening"" environment that has taken hold of the market. Since the September Fed meeting, the entire yield curve has shifted aggressively upward, with the 30-year Treasury yield climbing approximately 23 basis points from its post-decision level. This bearish momentum is particularly notable as it directly contradicts two significant dovish factors: the Federal Reserve's 50bps rate cut on September 18th and a steady decline in inflation nowcasts, which have stabilized at a benign 2.25%. While the price decline has been sharp, 30-day volatility has actually compressed from 0.215 to 0.152 over the past month, suggesting the move is being driven by a persistent, directional flow rather than chaotic panic.

**FOMC Statement Analysis**

The September 18th FOMC statement marked a decisive policy pivot, with the Committee enacting a 50 basis point cut to the federal funds rate. The justification for this aggressive move was the Committee's ""greater confidence"" that inflation is returning to its 2% target and its judgment that risks to the dual mandate are now ""roughly in balance."" However, the statement contained hawkish undertones that may be contributing to the market's adverse reaction. The Fed acknowledged that economic activity ""has continued to expand at a solid pace"" and, critically, affirmed it will ""continue reducing its holdings of Treasury securities,"" maintaining a form of quantitative tightening. Furthermore, the decision was not unanimous. Governor Bowman's dissent in favor of a smaller, 25 basis point cut reveals an internal debate on the appropriate pace of easing, potentially signaling to the market that the path forward for rate cuts may not be as aggressive as the initial 50bps move implies.

**Previous Trade Reflection**

Recent trading has been characterized by a difficult reversal, incurring losses while shifting from a bullish to a bearish posture. The attempt to re-establish a long position on September 27th at $34.33 was based on the thesis that the post-FOMC sell-off was an ""overdone"" reaction and a point of ""maximum pessimism."" This proved to be a premature assessment of the market's direction. The bearish trend, rather than abating, gained significant momentum following that entry. The cost of misjudging this trend is quantifiable: from the entry price of $34.33, the bond has since fallen an additional $0.69 to the price of $33.64 where the position was reversed, and has continued to slide further. This sequence highlights a costly conflict between a compelling fundamental narrative (the Fed is cutting rates) and a powerful, opposing market trend (bear steepening) that ultimately punished the early attempt to fight the tape.","Recommendation: HOLD
Trade Size: 0.0
Explanation: The current short position is aligned with the powerful ""bear steepening"" trend identified in the commentary. While the 1-day ARIMA forecast shows a minor bounce, the more significant 7-day and 28-day forecasts point to lower prices, supporting the existing bearish thesis. The recent costly mistake of fighting this trend advises against a premature exit. The most prudent action is to hold the current position and allow the strong downward momentum to continue, as there are no compelling signs of a reversal.",False
2024-10-07,BUY,0.5,32.711,0.0,"The short-term (1-day) and mid-term (7-day) ARIMA forecasts are both above the current price, signaling a potential price increase that works against our current short position. To mitigate the risk of losses from this predicted upward move, we will close the position. While the 28-day forecast remains bearish, the immediate evidence for a price rise is compelling enough to warrant exiting the short trade early. This action moves our portfolio to a neutral stance, awaiting a clearer long-term signal.",,"Recommendation: BUY
Trade Size: 0.5
Explanation: The short-term (1-day) and mid-term (7-day) ARIMA forecasts are both above the current price, signaling a potential price increase that works against our current short position. To mitigate the risk of losses from this predicted upward move, we will close the position. While the 28-day forecast remains bearish, the immediate evidence for a price rise is compelling enough to warrant exiting the short trade early. This action moves our portfolio to a neutral stance, awaiting a clearer long-term signal.",True
2024-10-08,HOLD,0.0,32.854,0.0,No explanation provided,,,False
2024-10-09,SELL,0.5,32.567,-0.5,"The fundamental analysis indicates a powerful, intact bearish trend, with the market pushing yields higher despite the Fed's rate cut, likely due to ongoing QT. This strong qualitative signal outweighs the mixed ARIMA forecasts. While the 1-day forecast is slightly positive, the key 7-day forecast ($32.211) is firmly below the current price ($32.57), suggesting the downward move will resume. Initiating a partial short position aligns with the dominant trend and the lesson from previous trades where profitable shorts were closed prematurely.","**Quantitative Macroeconomic Insights**

The SP 0 05 15 50 has been in a distinct bearish channel for the past month, with its price falling from the $36 level in mid-September to approximately $32.57 today. This corresponds to a significant yield increase, with the Ask YTM climbing from around 4.04% to its current 4.42%. This sell-off has occurred despite a major dovish policy shift from the Federal Reserve. The market has aggressively sold off following the Fed's 50bps rate cut on September 18th, pushing the entire Treasury yield curve higher in a bearish parallel shift. While inflation nowcasts have cooled and stabilized at a favorable 2.25%, this has been insufficient to buoy bond prices, suggesting the market is pricing in a higher real yield and is perhaps skeptical of the Fed's ability to control long-term rates. Notably, 30-day volatility has been declining from its peak of 0.207 in mid-September to 0.156, indicating the sell-off has become more orderly, though the directional trend remains firmly intact.

**FOMC Statement Analysis**

The September 18th FOMC statement signaled a decisive pivot, delivering a 50 basis point cut to the federal funds rate. The committee justified this aggressive easing by citing ""greater confidence that inflation is moving sustainably toward 2 percent"" and noting that ""job gains have slowed."" This language frames the cut as a proactive measure based on forward-looking inflation progress and a softening labor market. However, a critical detail creating cross-currents for the market is the stated intention to ""continue reducing its holdings of Treasury securities."" This ongoing Quantitative Tightening (QT) runs counter to the easing signal from the rate cut. This policy mix—easing with one hand while tightening with the other—may be contributing to the upward pressure on long-term yields, as the market must continue absorbing Treasury supply without the Fed's full support.

**Previous Trade Reflection**

A review of recent trades indicates a difficult adaptation to the post-FOMC market regime. The initial long positions entered on September 4th and 5th were invalidated by the market's ""sell the news"" reaction to the Fed cut, leading to an exit on September 25th for a loss of approximately $0.89 per unit. The subsequent attempt to re-enter a long position at $34.33 on September 27th was premature, as it was positioned against a powerful bear-steepening trend, resulting in another loss of roughly $0.69 per unit upon exit. The reversal to a short position at $33.64 on October 3rd correctly aligned with this dominant market current and proved profitable. However, the decision to close this short at $32.71 on October 7th, based on short-term model forecasts, meant forgoing additional gains as the fundamental bearish momentum has since pushed the price lower.","Recommendation: SELL
Trade Size: 0.50
Explanation: The fundamental analysis indicates a powerful, intact bearish trend, with the market pushing yields higher despite the Fed's rate cut, likely due to ongoing QT. This strong qualitative signal outweighs the mixed ARIMA forecasts. While the 1-day forecast is slightly positive, the key 7-day forecast ($32.211) is firmly below the current price ($32.57), suggesting the downward move will resume. Initiating a partial short position aligns with the dominant trend and the lesson from previous trades where profitable shorts were closed prematurely.",True
2024-10-10,HOLD,0.0,32.413,-0.5,No explanation provided,"**Quantitative Macroeconomic Insights**

The sell-off in long-duration bonds has intensified, marking a distinct bearish regime. The price of the SP 0 05 15 50 has collapsed from over $36 in mid-September to today's price of $32.41, pushing its yield to multi-month highs around 4.44%. This price action is occurring alongside a classic ""bear steepening"" of the yield curve; since the Fed's rate cut on September 18th, the entire curve has shifted higher, with the 30-year yield rising approximately 40 basis points. Critically, a potential macro shock has just appeared in the data: today's inflation nowcast jumped 30 basis points to 2.55% after weeks of stability. This abrupt uptick in inflation expectations provides a strong fundamental justification for the market's bearishness and coincides with rising 30-day price volatility, which has climbed from 0.142 to 0.156 over the past two weeks, indicating growing conviction in the downward trend.

**FOMC Statement Analysis**

The September 18th FOMC statement presented a complex and somewhat contradictory policy stance, which the market appears to be resolving in a hawkish manner. While the headline was a dovish 50-basis-point rate cut justified by ""greater confidence"" in disinflation, the market's subsequent price action suggests a greater focus on a key detail: the explicit commitment to ""continue reducing its holdings of Treasury securities."" This ongoing Quantitative Tightening (QT) acts as a powerful counterbalance to the rate cut, steadily increasing the supply of bonds and draining liquidity from the system. The market is seemingly interpreting this mixed message as a net negative for long-duration assets, demanding a higher term premium to absorb the continued bond supply, thus driving yields higher despite the lower policy rate.

**Previous Trade Reflection**

Recent trading reveals a struggle to remain aligned with the powerful bearish macro trend. The attempt to re-establish a long position on September 27th at $34.33, following the FOMC's dovish cut, was a counter-trend move that fought the emerging ""sell the news"" dynamic, resulting in a loss of approximately $0.69 by the time it was closed on October 3rd. More recently, the decision on October 7th to close a profitable short position at $32.71 was a tactical success, booking a $0.93 gain. However, it proved strategically premature, as the agent's own commentary later noted. Exiting based on short-term model reversion while the dominant bear-steepening trend remained intact meant forgoing further gains as the price has since fallen an additional $0.30. This pattern highlights a conflict between trusting short-term signals and riding a persistent, macro-driven market current.",,False
2024-10-11,HOLD,0.0,32.009,-0.5,No explanation provided,"**Quantitative Macroeconomic Insights**

The SP 0 05 15 50 has experienced an aggressive sell-off over the past month, with its price falling from over $36 to a recent low of $32.009 and the ask yield climbing from ~4.0% to 4.49%. This bearish momentum has intensified, particularly over the last week. The move coincides with a significant upward shift across the entire Treasury yield curve, a ""bear steepening"" dynamic that has occurred despite the Federal Reserve's 50bps rate cut on September 18th. A potential catalyst for this recent leg down appears to be a macro shock detected on October 9th, when the inflation nowcast jumped from a stable 2.25% to 2.55%. This sharp uptick in inflation expectations seems to be overriding the Fed's dovish action, pushing long-duration yields higher as the market reprices for persistent inflation.

**FOMC Statement Analysis**

The September 18th FOMC statement was overtly dovish, delivering a larger-than-expected 50 basis point cut to the federal funds rate. The Committee justified the move by citing ""greater confidence that inflation is moving sustainably toward 2 percent"" and judging the risks to its dual mandate as ""roughly in balance."" However, a critical detail within the statement is the commitment to ""continue reducing its holdings of Treasury securities,"" confirming that Quantitative Tightening (QT) remains in effect. This ongoing balance sheet reduction acts as a structural headwind for long-duration assets by increasing the supply of bonds the market must absorb. The market's bearish reaction since the meeting suggests it is weighing the impact of QT and the recent inflation data more heavily than the Committee's dovish rate action and optimistic inflation outlook.

**Previous Trade Reflection**

Recent trading has been characterized by a struggle against the prevailing bearish macro trend. The initial long positions from early September were correctly exited on September 25th, recognizing the ""sell the news"" reaction post-FOMC. However, the subsequent long entry on September 27th at $34.33 proved premature, fighting a powerful market current that led to an exit at $33.64. More pointedly, a profitable short position was established on October 3rd but was closed on October 7th at $32.71 due to short-term model signals. This decision to exit left significant profit unrealized, as the bond's price continued its decline to the current $32.009 level. This pattern suggests a conflict between correctly identifying the dominant macro regime and being swayed by short-term indicators, a tendency the most recent short entry on October 9th appears to acknowledge.",,False
2024-10-15,HOLD,0.0,32.75,-0.5,"Although ARIMA forecasts are slightly bullish, the dominant macro narrative remains strongly bearish, driven by ""bear steepening"" and the Fed's conflicting QT policy. The commentary explicitly warns against exiting a correct macro-driven short position based on short-term noise, as was done recently. Today's rally is likely a counter-trend move. The quantitative signal is not compelling enough to override the powerful macro trend and exit the current short position, so holding is the most prudent action.","**Today: 2024-10-15**
**Security: SP 0 05 15 50 (US Treasury STRIP, Zero Coupon, Maturing 2050-05-15)**

***

### Quantitative Macroeconomic Insights

Despite the Federal Reserve's 50 bps rate cut in mid-September, a powerful bearish trend has dominated the long end of the Treasury market. The yield on this 2050 STRIP has surged from approximately 4.0% post-FOMC to a peak of 4.51% last Friday, reflecting a significant ""bear steepening"" of the yield curve as the entire structure shifted higher. A potential macro shock appears to have occurred last week, with the inflation nowcast jumping 30 bps to 2.55%, fueling an acceleration of the sell-off. This culminated in the bond's price hitting a multi-month low of 32.009. Today has marked a sharp reversal of that momentum, with the price rallying over 2.3% to 32.750 as long-end yields recede. This turbulence is reflected in the 30-day price volatility, which has climbed to 0.173, its highest level in over a month.

### FOMC Statement Analysis

The September 18th FOMC statement signaled a decisive dovish pivot, headlined by a 50 basis point cut to the federal funds rate. The committee's justification rested on having ""gained greater confidence"" in inflation's sustainable return to its 2% target and a formal judgment that risks to its dual mandate are now ""roughly in balance."" This language officially marks a shift from a tightening bias to an easing stance. However, a critical counter-signal persists within the statement: the explicit commitment to ""continue reducing its holdings of Treasury securities."" This ongoing Quantitative Tightening (QT) creates a conflicting policy dynamic, exerting upward pressure on term premium and long-duration yields, which may explain the market's bearish reaction since the rate cut. The lone dissent for a smaller 25 bps cut underscores a broad consensus for easing, but also a debate on the appropriate pace.

### Previous Trade Reflection

Recent trading activity reveals a struggle against a powerful, newly established macro trend. The decision on September 27th to re-initiate a long position at $34.33, interpreting the post-FOMC sell-off as an ""overdone"" reaction, proved to be a costly misjudgment of the market's new ""bear steepening"" regime. This resulted in fighting a strong market current and led to another losing trade. More recently, the profitable short position initiated on October 3rd was closed prematurely on October 7th at $32.71 due to short-term model forecasts. While this locked in a gain, the price subsequently fell a further 2.2% to a low of $32.009. Exiting a correct macro-driven trade based on short-term noise resulted in leaving significant potential profit unrealized as the primary bearish trend reasserted itself.","Recommendation: HOLD
Trade Size: 0.0
Explanation: Although ARIMA forecasts are slightly bullish, the dominant macro narrative remains strongly bearish, driven by ""bear steepening"" and the Fed's conflicting QT policy. The commentary explicitly warns against exiting a correct macro-driven short position based on short-term noise, as was done recently. Today's rally is likely a counter-trend move. The quantitative signal is not compelling enough to override the powerful macro trend and exit the current short position, so holding is the most prudent action.",False
2024-10-16,HOLD,0.0,32.947,-0.5,"The current short position is maintained. While the 7-day ARIMA forecast ($33.01) is above the current price ($32.95), the 1-day and 28-day forecasts are not, indicating a lack of a sustained upward trend. The mixed signals do not provide the compelling evidence needed to reverse the existing short position. Therefore, holding is the most prudent action until a clearer trend emerges.",,"Recommendation: HOLD
Trade Size: 0.0
Explanation: The current short position is maintained. While the 7-day ARIMA forecast ($33.01) is above the current price ($32.95), the 1-day and 28-day forecasts are not, indicating a lack of a sustained upward trend. The mixed signals do not provide the compelling evidence needed to reverse the existing short position. Therefore, holding is the most prudent action until a clearer trend emerges.",False
2024-10-17,HOLD,0.0,32.161,-0.5,"The powerful bearish macro trend, driven by inflation fears and ongoing QT, remains dominant. While ARIMA forecasts show a marginal uptick, this is not a compelling reversal signal and does not warrant exiting a profitable short position. The previous trade reflection explicitly warns against closing shorts prematurely based on weak quantitative signals against a strong fundamental backdrop. Holding the current short position aligns with the primary trend and avoids over-trading on minor price fluctuations, respecting the lesson learned from the October 7th trade.","**Quantitative Macroeconomic Insights**

The SP 0 05 15 50 has experienced a sharp sell-off, with today's price of 32.161 re-testing the lows seen last week. This move pushed the ask yield back up towards 4.5%, continuing a powerful bearish trend that began in mid-September. This price action is occurring within a broader ""bear steepening"" environment, where the entire yield curve has shifted significantly higher since the September FOMC meeting. The market appears to be driven by a notable regime shift in inflation expectations; the inflation nowcast, which was stable at 2.25% for weeks, jumped to 2.57% in early October and has remained elevated. This uptick in inflation fears, coupled with a steady climb in 30-day price volatility to 0.17, suggests that despite the Fed's recent rate cut, the market's focus has shifted towards persistent price pressures and away from monetary easing.

**FOMC Statement Analysis**

The September 18th FOMC statement delivered a decisive 50 basis point rate cut, a move justified by the Committee's stated ""greater confidence that inflation is moving sustainably toward 2 percent."" However, the market's subsequent price action suggests a deep skepticism of this narrative. Traders seem to be weighing the dovish headline cut against more hawkish details within the statement. The Committee's explicit commitment to ""continue reducing its holdings of Treasury securities"" (QT) acts as a persistent headwind, draining liquidity and putting upward pressure on long-term yields. Furthermore, the forward guidance was cautiously data-dependent, offering no clear path to further easing, while a dissent from Governor Bowman for a smaller 25bps cut revealed a hawkish contingent remains on the board. The market appears to be pricing in a reality where ongoing QT and inflation risks are overriding the impact of the recent cut.

**Previous Trade Reflection**

Recent trading has been characterized by a difficult but ultimately successful adaptation to a new market regime. The initial bullish thesis, established with long positions on September 4th and 5th, was invalidated by the post-FOMC sell-off, resulting in losses of $0.68 and $1.09 respectively when closed on September 25th. A key learning moment occurred after establishing a profitable short position on October 3rd. This position was closed prematurely on October 7th at $32.71 for a $0.93 profit, based on short-term model forecasts. The market, however, continued its powerful downward trend, falling another 1.7% to today's price. This experience highlights a potential over-reliance on short-term quantitative signals at the expense of a dominant and persistent macroeconomic trend. The current short, re-initiated on October 9th, appears to be an attempt to correct this by holding with greater conviction.","Recommendation: HOLD
Trade Size: 0.0
Explanation: The powerful bearish macro trend, driven by inflation fears and ongoing QT, remains dominant. While ARIMA forecasts show a marginal uptick, this is not a compelling reversal signal and does not warrant exiting a profitable short position. The previous trade reflection explicitly warns against closing shorts prematurely based on weak quantitative signals against a strong fundamental backdrop. Holding the current short position aligns with the primary trend and avoids over-trading on minor price fluctuations, respecting the lesson learned from the October 7th trade.",False
2024-10-18,HOLD,0.0,32.165,-0.5,"The ARIMA forecasts are mixed. The short-term prediction is slightly above the current price ($32.25 vs $32.16), while the mid and long-term forecasts are slightly below. This does not provide a compelling signal to either exit the current short position or increase it. The mid/long-term forecasts are consistent with our current short stance, suggesting the downward trend may continue. Given the conflicting short-term signal and the goal to avoid over-trading, maintaining the current -0.5 position is the most prudent decision.",,"Recommendation: HOLD
Trade Size: 0.0
Explanation: The ARIMA forecasts are mixed. The short-term prediction is slightly above the current price ($32.25 vs $32.16), while the mid and long-term forecasts are slightly below. This does not provide a compelling signal to either exit the current short position or increase it. The mid/long-term forecasts are consistent with our current short stance, suggesting the downward trend may continue. Given the conflicting short-term signal and the goal to avoid over-trading, maintaining the current -0.5 position is the most prudent decision.",False
2024-10-21,HOLD,0.0,31.355,-0.5,No explanation provided,,,False
2024-10-22,HOLD,0.0,31.425,-0.5,"The existing short position is well-aligned with the powerful bearish macro trend, driven by rising inflation and ongoing QT, which is overwhelming the Fed's recent rate cut. The 7-day ARIMA forecast ($30.65) strongly supports further price declines, reinforcing our bearish conviction. While the 1-day and 28-day forecasts are less conclusive, the dominant fundamental narrative suggests holding is prudent. Closing the position now would repeat the premature exit on October 7th. We will maintain our profitable short, letting the macro trend work in our favor.","**Quantitative Macroeconomic Insights**

A significant bond market sell-off has intensified throughout October, marking a potential regime shift. The yield on this long-duration bond has surged from approximately 4.20% at the start of the month to a current level of 4.57%, with the price falling from over $34.50 to nearly $31.30. This sharp repricing coincides directly with a material uptick in inflation nowcasts, which broke from a stable 2.25% to a new, higher plateau of 2.57%. The entire Treasury curve has shifted upward in a bearish fashion, with long-end yields rising dramatically as the market digests this new inflationary impulse. Underscoring the market's anxiety, 30-day price volatility has climbed steadily from 0.14 to 0.175 during this period, indicating that conviction behind this bearish move is growing.

**FOMC Statement Analysis**

The market's recent bearishness stands in stark contrast to the dovish action taken at the September 18th FOMC meeting. The Committee enacted a 50-basis-point rate cut, citing ""greater confidence that inflation is moving sustainably toward 2 percent"" and a rebalancing of risks to its dual mandate. However, the subsequent surge in yields suggests the market has completely looked through this easing. Instead, focus has likely shifted to two key factors: the recent jump in inflation data which challenges the Fed's optimistic assessment, and the statement's reaffirmation that Quantitative Tightening (QT) will continue. This ongoing reduction of the Fed's balance sheet provides a persistent headwind for long-duration assets, a hawkish reality that is currently overwhelming the impact of the September rate cut.

**Previous Trade Reflection**

Recent trading has been characterized by attempts to navigate the powerful bearish trend that emerged following the September FOMC meeting. A key learning moment occurred with the decision on October 7th to close a profitable short position at $32.71 based on short-term model forecasts of a price bounce. While prudent from a risk-management perspective, this exit proved premature as it went against the dominant macro narrative. The bond's price subsequently fell a further 4% to its current level around $31.43, representing a significant missed opportunity. The decision to re-initiate a short position two days later on October 9th suggests an adaptation, correctly re-aligning with the more powerful, macro-driven trend despite conflicting short-term signals.","Recommendation: HOLD
Trade Size: 0.0
Explanation: The existing short position is well-aligned with the powerful bearish macro trend, driven by rising inflation and ongoing QT, which is overwhelming the Fed's recent rate cut. The 7-day ARIMA forecast ($30.65) strongly supports further price declines, reinforcing our bearish conviction. While the 1-day and 28-day forecasts are less conclusive, the dominant fundamental narrative suggests holding is prudent. Closing the position now would repeat the premature exit on October 7th. We will maintain our profitable short, letting the macro trend work in our favor.",False
2024-10-23,HOLD,0.0,31.304,-0.5,"The current short position is supported by the medium and long-term ARIMA forecasts. The 7-day prediction ($30.462) is significantly below the current price ($31.30), indicating the downward trend is likely to continue. The 28-day forecast ($31.274) also remains below the current price. While the 1-day forecast suggests a minor short-term price increase, it is not strong enough to justify exiting the profitable short position, especially given the bearish medium-term outlook. We will hold to capture the anticipated further decline.",,"Recommendation: HOLD
Trade Size: 0.0
Explanation: The current short position is supported by the medium and long-term ARIMA forecasts. The 7-day prediction ($30.462) is significantly below the current price ($31.30), indicating the downward trend is likely to continue. The 28-day forecast ($31.274) also remains below the current price. While the 1-day forecast suggests a minor short-term price increase, it is not strong enough to justify exiting the profitable short position, especially given the bearish medium-term outlook. We will hold to capture the anticipated further decline.",False
2024-10-24,HOLD,0.0,31.65,-0.5,"The current short position of -0.5 is supported by the 7-day ARIMA forecast, which predicts a significant price drop to $30.750 from the current $31.6",,"Recommendation: HOLD
Trade Size: 0.0
Explanation: The current short position of -0.5 is supported by the 7-day ARIMA forecast, which predicts a significant price drop to $30.750 from the current $31.6",False
2024-10-25,HOLD,0.0,31.456,-0.5,No explanation provided,,,False
2024-10-28,HOLD,0.0,31.284,-0.5,"The strong bearish macro trend, driven by inflation concerns and QT, supports maintaining the current short position. While the 1-day ARIMA forecast suggests a minor bounce, the medium and long-term forecasts are neutral to slightly negative. Given the mixed quantitative signals and the powerful qualitative narrative, holding the profitable short position is the most prudent action. This avoids prematurely exiting a trade that is aligned with the dominant market trend, a lesson learned from the October 7th trade.","**Quantitative Macroeconomic Insights**

The SP 0 05 15 50 has experienced a significant sell-off over the past month, with its price falling from over $34 to current levels around $31.28, pushing its yield-to-maturity up from ~4.2% to ~4.6%. This repricing is not isolated; it reflects a broader bearish shift across the entire U.S. Treasury curve since early October, a period during which the 10-year yield has climbed by approximately 50 basis points. A potential catalyst for this move appears to be a shift in inflation sentiment, as the nowcast for inflation jumped from 2.25% to 2.57% during the same timeframe. This heightened uncertainty is mirrored in the bond's 30-day price volatility, which has steadily increased from 0.14 to 0.176, indicating growing market nervousness even as the Fed's policy rate remains stable within its new target range.

**FOMC Statement Analysis**

The September 18 FOMC meeting introduced a complex policy mix that the market is still digesting. The committee delivered a dovish 50 basis point rate cut, citing ""greater confidence"" that inflation was returning to its 2% target. However, this easing of the policy rate was juxtaposed with a commitment to ""continue reducing its holdings of Treasury securities"" through Quantitative Tightening (QT). This dual mandate of cutting rates while shrinking the balance sheet has created conflicting signals. The market's subsequent price action, characterized by a ""bear steepening"" environment where long-term yields rose, suggests that investors are more focused on the persistent bond supply from QT and future inflation risks than on the immediate rate relief. The presence of a dissent from Governor Bowman, who favored a smaller 25bps cut, further underscores that the path forward for monetary policy is far from unanimous and remains a source of uncertainty.

**Previous Trade Reflection**

Recent trading has navigated a distinct regime shift following the September FOMC meeting. The attempts to establish long positions on September 4/5 (average price ~$34.90) and again on September 27 ($34.33) were positioned against a powerful bearish trend, leading to exits at lower prices. The most instructive recent action was the management of the short position initiated on October 3. While the trade was exited for a profit on October 7 at $32.71, the rationale cited short-term model divergence while the dominant macro trend remained intact. This decision resulted in forgoing the subsequent leg of the sell-off, where the bond's price declined by an additional $1.40 to today's level. The re-establishment of a short position on October 9 at $32.57 appears to be a recognition that the underlying bearish macro current had not yet abated.","Recommendation: HOLD
Trade Size: 0.0
Explanation: The strong bearish macro trend, driven by inflation concerns and QT, supports maintaining the current short position. While the 1-day ARIMA forecast suggests a minor bounce, the medium and long-term forecasts are neutral to slightly negative. Given the mixed quantitative signals and the powerful qualitative narrative, holding the profitable short position is the most prudent action. This avoids prematurely exiting a trade that is aligned with the dominant market trend, a lesson learned from the October 7th trade.",False
2024-10-29,HOLD,0.0,31.527,-0.5,"The ARIMA forecasts are mixed, with the 1-day forecast pointing higher but the 7-day forecast slightly lower than the current price. This does not provide a compelling signal to exit the current short position. Crucially, the analyst commentary reinforces the underlying bearish macro thesis, highlighting that ongoing Quantitative Tightening remains the dominant, negative force for this long-duration bond. Given these conflicting short-term technicals and the strong bearish fundamental backdrop, holding the existing short position is the most prudent course of action, avoiding a premature exit.","### Quantitative Macroeconomic Insights

The market for this long-duration bond has undergone a significant bearish regime shift since late September, though the last few sessions have shown signs of a tentative rebound. Prices fell from a high above 34.50 in early October to a low near 31.30 last week, a sharp move that pushed yields up by approximately 40 basis points. This sell-off appears to have been triggered by a macro shock, clearly visible in the inflation nowcast data, which jumped from 2.25% to 2.55% around October 9th and has remained elevated since. This repricing of inflation expectations coincided with a ""bear steepening"" of the yield curve, where long-term yields have risen more aggressively than short-term yields—a dynamic particularly punitive for this 2050 maturity bond. Reflecting this turbulence, 30-day price volatility climbed steadily through the sell-off, peaking last week before easing slightly in today's session.

### FOMC Statement Analysis

The September 18th FOMC statement presented a complex and somewhat contradictory policy stance, which has likely contributed to recent market volatility. The headline action was a decidedly dovish 50 basis point rate cut, justified by the Committee's ""greater confidence"" that inflation was returning to its target. This move, supported by a strong majority, would normally be a powerful tailwind for fixed-income assets. However, this dovish signal was tempered by the simultaneous reaffirmation that the Committee will ""continue reducing its holdings of Treasury securities."" This ongoing Quantitative Tightening (QT) acts as a hawkish counterbalance, increasing the net supply of bonds and putting upward pressure on long-term yields. This policy divergence—easing with one tool while tightening with another—helps explain why the market has struggled to rally on the rate cut, as the persistent effects of QT appear to be the dominant force for the long end of the curve.

### Previous Trade Reflection

Recent trading has been characterized by an attempt to navigate the conflicting signals from the Federal Reserve, resulting in being caught on the wrong side of a powerful trend. The initial long positions established in early September at an average price of $34.90 were predicated on a dovish Fed pivot. However, this thesis failed to account for the market's ""sell the news"" reaction and the overriding impact of QT, forcing an exit at $34.01 for a material loss. The subsequent attempt to re-enter a long position at $34.33 on September 27th was a premature counter-trend move, resulting in another loss as the bond's price continued to fall. The short position initiated on October 3rd was well-timed, capturing a profitable move from $33.64 down to $32.71. However, closing it based on short-term models may have been an early exit from a still-intact bearish macro trend, a lesson that appears to have informed the decision to re-short on October 9th.","Recommendation: HOLD
Trade Size: 0.0
Explanation: The ARIMA forecasts are mixed, with the 1-day forecast pointing higher but the 7-day forecast slightly lower than the current price. This does not provide a compelling signal to exit the current short position. Crucially, the analyst commentary reinforces the underlying bearish macro thesis, highlighting that ongoing Quantitative Tightening remains the dominant, negative force for this long-duration bond. Given these conflicting short-term technicals and the strong bearish fundamental backdrop, holding the existing short position is the most prudent course of action, avoiding a premature exit.",False
2024-10-30,HOLD,0.0,31.562,-0.5,No explanation provided,"**Quantitative Macroeconomic Insights**

The subject bond has been in a distinct bearish channel for the past two months, with ask yields climbing from approximately 4.2% in early September to a recent peak just above 4.6%. A significant macro shock appears to have occurred around October 9th, when the inflation nowcast abruptly jumped from 2.25% to 2.55%, where it has since remained. This event coincided with a sharp acceleration of the sell-off. The entire yield curve has shifted upwards by more than 50 basis points since late September, a powerful bearish move for long-duration assets. In the last few sessions, however, prices have found a tentative floor around the $31.50 level and yields have slightly compressed, though 30-day volatility remains elevated near recent highs, signaling that conviction in this pause may be fragile.

**FOMC Statement Analysis**

The market's price action since the September 18th FOMC meeting suggests a deep skepticism of the Committee's narrative. While the Fed delivered a dovish 50-basis-point rate cut, citing ""greater confidence"" that inflation was returning to its objective, the market has aggressively sold off long-duration bonds. This divergence highlights the inherent tension in the Fed's policy stance: cutting rates while simultaneously continuing with quantitative tightening by ""reducing its holdings of Treasury securities."" The market appears to be weighing the hawkish, structural impact of QT and the subsequent rise in inflation data far more heavily than the dovish headline rate cut, effectively challenging the Fed's stated confidence and front-running a potentially more hawkish reality.

**Previous Trade Reflection**

A review of recent activity reveals a correct identification of the major bearish regime change post-FOMC, but this was followed by a costly tactical error. The decision to re-enter a long position on September 27 at $34.33 was a premature attempt to counter a powerful new trend, resulting in an avoidable loss. More recently, a pattern of whipsawing has emerged. The short position initiated on October 3 at $33.64 was well-aligned with the macro trend and profitable, but it was closed prematurely on October 7 at $32.71 based on short-term model signals. This exit forfeited substantial gains, as the price subsequently fell another full point. This sequence suggests a conflict between adhering to a sound macro thesis and being swayed by shorter-term quantitative noise.",,False
2024-10-31,HOLD,0.0,31.792,-0.5,No explanation provided,"**Quantitative Macroeconomic Insights**

The past month has been defined by a significant bearish repricing, culminating in a tentative rally over the last few sessions. After starting October with a price near $34.50 and a yield of 4.20%, this long-duration bond sold off sharply, with prices bottoming out near $31.28 and yields peaking above 4.61% on October 28th. This sell-off appears to have been driven by a potential macro regime shift. Notably, inflation nowcasts, which were stable at 2.25% in early October, jumped to the 2.55-2.57% range mid-month, coinciding with the most intense period of selling. This was accompanied by a sharp, parallel upward shift in the entire yield curve, a classic bear move that punished long-duration assets. The 30-day price volatility climbed steadily through this period, reflecting heightened market stress, and has only just begun to recede as prices recovered to $31.79 to close the month.

**FOMC Statement Analysis**

The market's recent bearishness stands in stark contrast to the dovish action from the last FOMC meeting on September 18th. The Committee enacted a 50-basis-point rate cut, citing ""greater confidence that inflation is moving sustainably toward 2 percent."" However, the subsequent price action suggests the market is challenging this narrative. The bond market sell-off throughout October indicates that investors are pricing in a reality where inflation and rates remain higher for longer than the Fed's September statement implied. The statement's commitment to continue Quantitative Tightening (QT) and the dissent from Governor Bowman, who preferred a smaller 25bps cut, may have been early signals of underlying hawkish pressures that the market has now fully embraced, effectively overriding the headline rate cut.

**Previous Trade Reflection**

Recent trading has been characterized by difficulty in navigating the conflict between short-term model forecasts and a powerful underlying macro trend. After correctly identifying the ""bear steepening"" regime in late September, a subsequent long entry on September 27th at $34.33 proved premature, resulting in a loss as it fought against the dominant market current. More revealing was the handling of the short position initiated on October 3rd. While the trade was profitably closed on October 7th (shorted at $33.64, covered at $32.71) based on short-term ARIMA forecasts, this decision forfeited the majority of the move. The price continued to fall another $1.43, or 4.4%, to its monthly low. This experience underscores the risk of allowing short-term signals to override a persistent, macro-driven trend, as the market's hawkish repricing in October was a far more powerful force than the minor bounces the models anticipated.",,False
2024-11-01,HOLD,0.0,30.969,-0.5,No explanation provided,,,False
2024-11-04,HOLD,0.0,31.851,-0.5,No explanation provided,"**Quantitative Macroeconomic Insights**

A significant market shock has occurred over the past two trading sessions, triggering a sharp rally in the SP 0 05 15 50. The bond's price surged from a last price of 30.969 on Friday to 31.851 today, with the ask yield compressing by over 11 basis points from 4.633% to 4.521%. This abrupt reversal of late October's bearish price action is accompanied by a material spike in 30-day volatility, which has jumped to 0.2035, its highest level in the observed period. The move was characterized by a bull flattener in the yield curve, as the 10-year yield fell more sharply than the 2-year yield, narrowing the 2s-10s spread. This is occurring against a backdrop of stable inflation nowcasts (2.56%) and a steady Fed Funds Rate (4.83%), suggesting the rally is being driven by a powerful shift in forward-looking expectations about growth or a flight-to-quality event not yet captured in these indicators.

**FOMC Statement Analysis**

The market is still digesting the Federal Reserve's decisive policy pivot from the September 18th meeting. The Committee enacted a 50-basis-point cut to the federal funds rate, a significant dovish step justified by ""greater confidence"" that inflation was returning to its 2% target. However, the statement was not without its complexities. A dissent from Governor Bowman, who preferred a more cautious 25-basis-point cut, signals a degree of internal friction and the presence of a more hawkish view within the committee. Furthermore, the Fed explicitly stated its intention to ""continue reducing its holdings of Treasury securities"" at a pace of $25 billion per month. This ongoing quantitative tightening (QT) acts as a structural headwind for long-duration assets, creating a contradictory policy environment of simultaneous easing (rate cuts) and tightening (balance sheet reduction) that may be contributing to recent market volatility.

**Previous Trade Reflection**

Recent trading has been characterized by a struggle to navigate the conflicting signals following the September FOMC meeting. The initial long positions entered on September 4th and 5th were invalidated by a ""sell the news"" reaction, resulting in a notable loss when closed on September 25th. The attempt to re-enter long on September 27th at $34.33 proved premature, as the bearish trend driven by QT and curve steepening had not yet run its course, forcing another exit at a loss on October 3rd at $33.64. Conversely, the short position initiated on October 3rd was well-timed, but it was closed prematurely on October 7th at $32.71 for a profit of $0.93 per unit. As your own notes reflect, and as subsequent price action confirmed, this was an early exit from a winning trend, driven by short-term model noise rather than the prevailing macro thesis. The core challenge appears to be maintaining conviction through short-term volatility when a strong, albeit complex, macro narrative is in place.",,False
